0.033,16,34,D3,H8
0.034,2,21,C2,D8
0.034,3,28,C3,H2
0.035,17,41,D4,S2
0.035,3,48,C3,S9
0.035,8,41,C8,S2
0.035,9,29,C9,H3
0.036,20,28,D7,H2
0.036,2,33,C2,H7
0.037,2,29,C2,H3
0.037,28,46,H2,S7
0.038,20,41,D7,S2
0.038,2,35,C2,H9
0.038,3,44,C3,S5
0.038,15,42,D2,S3
0.039,18,28,D5,H2
0.039,2,18,C2,D5
0.039,2,42,C2,S3
0.039,2,48,C2,S9
0.039,6,41,C6,S2
0.039,8,15,C8,D2
0.039,8,28,C8,H2
0.039,28,47,H2,S8
0.04,2,31,C2,H5
0.04,2,47,C2,S8
0.04,15,29,D2,H3
0.04,33,42,H7,S3
0.041,17,34,D4,H8
0.041,22,41,D9,S2
0.041,3,41,C3,S2
0.041,7,29,C7,H3
0.041,9,41,C9,S2
0.041,28,44,H2,S5
0.041,28,45,H2,S6
0.042,2,44,C2,S5
0.042,3,21,C3,D8
0.042,15,35,D2,H9
0.043,23,28,DT,H2
0.043,7,28,C7,H2
0.043,8,42,C8,S3
0.043,9,17,C9,D4
0.043,9,42,C9,S3
0.044,21,28,D8,H2
0.044,21,30,D8,H4
0.044,9,43,C9,S4
0.044,36,41,HT,S2
0.045,2,49,C2,ST
0.045,11,16,CJ,D3
0.045,15,46,D2,S7
0.045,34,41,H8,S2
0.046,18,41,D5,S2
0.046,2,20,C2,D7
0.046,2,46,C2,S7
0.046,3,50,C3,SJ
0.046,7,42,C7,S3
0.046,15,30,D2,H4
0.046,28,43,H2,S4
0.046,31,41,H5,S2
0.047,16,33,D3,H7
0.047,16,49,D3,ST
0.047,3,15,C3,D2
0.047,3,33,C3,H7
0.047,4,42,C4,S3
0.047,28,48,H2,S9
0.047,29,41,H3,S2
0.047,34,43,H8,S4
0.048,19,28,D6,H2
0.048,23,29,DT,H3
0.048,2,19,C2,D6
0.048,3,47,C3,S8
0.048,4,28,C4,H2
0.048,4,41,C4,S2
0.048,9,28,C9,H2
0.048,9,30,C9,H4
0.048,10,42,CT,S3
0.048,15,45,D2,S6
0.048,15,48,D2,S9
0.048,29,47,H3,S8
0.048,34,42,H8,S3
0.048,37,42,HJ,S3
0.049,16,36,D3,HT
0.049,16,48,D3,S9
0.049,4,49,C4,ST
0.049,7,15,C7,D2
0.049,11,28,CJ,H2
0.05,17,28,D4,H2
0.05,22,28,D9,H2
0.05,2,50,C2,SJ
0.05,4,22,C4,D9
0.05,5,15,C5,D2
0.05,5,29,C5,H3
0.05,6,28,C6,H2
0.05,8,29,C8,H3
0.05,9,15,C9,D2
0.05,29,48,H3,S9
0.05,29,49,H3,ST
0.05,30,48,H4,S9
0.05,35,43,H9,S4
0.051,16,47,D3,S8
0.051,19,41,D6,S2
0.051,21,29,D8,H3
0.051,2,17,C2,D4
0.051,2,23,C2,DT
0.051,2,34,C2,H8
0.051,2,43,C2,S4
0.051,3,20,C3,D7
0.051,3,22,C3,D9
0.051,3,34,C3,H8
0.051,3,46,C3,S7
0.051,4,15,C4,D2
0.051,4,23,C4,DT
0.051,10,15,CT,D2
0.051,15,36,D2,HT
0.051,35,41,H9,S2
0.052,16,28,D3,H2
0.052,16,46,D3,S7
0.052,21,42,D8,S3
0.052,22,31,D9,H5
0.052,23,42,DT,S3
0.052,3,35,C3,H9
0.052,4,29,C4,H3
0.052,9,16,C9,D3
0.052,10,16,CT,D3
0.052,15,34,D2,H8
0.052,15,37,D2,HJ
0.052,15,47,D2,S8
0.052,15,49,D2,ST
0.052,28,50,H2,SJ
0.052,31,49,H5,ST
0.052,32,41,H6,S2
0.052,32,42,H6,S3
0.052,33,41,H7,S2
0.053,17,33,D4,H7
0.053,2,16,C2,D3
0.053,3,36,C3,HT
0.053,3,43,C3,S4
0.053,8,30,C8,H4
0.053,11,41,CJ,S2
0.053,15,44,D2,S5
0.053,30,42,H4,S3
0.053,31,42,H5,S3
0.053,37,43,HJ,S4
0.054,17,48,D4,S9
0.054,21,43,D8,S4
0.054,22,29,D9,H3
0.054,2,32,C2,H6
0.054,2,36,C2,HT
0.054,6,15,C6,D2
0.054,8,16,C8,D3
0.054,12,41,CQ,S2
0.054,28,42,H2,S3
0.054,29,44,H3,S5
0.054,31,48,H5,S9
0.054,36,42,HT,S3
0.054,37,41,HJ,S2
0.055,17,44,D4,S5
0.055,18,49,D5,ST
0.055,19,42,D6,S3
0.055,20,44,D7,S5
0.055,23,31,DT,H5
0.055,25,28,DQ,H2
0.055,3,30,C3,H4
0.055,4,34,C4,H8
0.055,31,50,H5,SJ
0.055,36,43,HT,S4
0.056,16,50,D3,SJ
0.056,18,29,D5,H3
0.056,22,44,D9,S5
0.056,23,41,DT,S2
0.056,2,22,C2,D9
0.056,3,17,C3,D4
0.056,4,35,C4,H9
0.056,5,22,C5,D9
0.056,5,28,C5,H2
0.056,5,41,C5,S2
0.056,10,44,CT,S5
0.056,11,30,CJ,H4
0.056,11,42,CJ,S3
0.056,15,43,D2,S4
0.057,16,32,D3,H6
0.057,17,42,D4,S3
0.057,2,45,C2,S6
0.057,3,23,C3,DT
0.057,4,21,C4,D8
0.057,6,37,C6,HJ
0.057,10,17,CT,D4
0.057,10,30,CT,H4
0.057,10,41,CT,S2
0.057,15,32,D2,H6
0.057,30,49,H4,ST
0.058,16,35,D3,H9
0.058,16,41,D3,S2
0.058,20,29,D7,H3
0.058,23,43,DT,S4
0.058,24,41,DJ,S2
0.058,7,41,C7,S2
0.058,15,33,D2,H7
0.058,28,49,H2,ST
0.058,29,43,H3,S4
0.058,30,47,H4,S8
0.059,16,45,D3,S6
0.059,18,36,D5,HT
0.059,21,41,D8,S2
0.059,25,29,DQ,H3
0.059,3,19,C3,D6
0.059,3,31,C3,H5
0.059,3,32,C3,H6
0.059,3,38,C3,HQ
0.059,6,17,C6,D4
0.059,7,43,C7,S4
0.059,10,31,CT,H5
0.059,15,31,D2,H5
0.059,15,38,D2,HQ
0.059,15,39,D2,HK
0.059,28,29,H2,H3
0.059,30,41,H4,S2
0.059,38,42,HQ,S3
0.06,16,37,D3,HJ
0.06,16,44,D3,S5
0.06,17,35,D4,H9
0.06,18,34,D5,H8
0.06,22,43,D9,S4
0.06,25,42,DQ,S3
0.06,2,24,C2,DJ
0.06,2,25,C2,DQ
0.06,2,30,C2,H4
0.06,3,45,C3,S6
0.06,4,47,C4,S8
0.06,5,42,C5,S3
0.06,5,43,C5,S4
0.06,8,17,C8,D4
0.06,10,28,CT,H2
0.06,12,15,CQ,D2
0.06,15,51,D2,SQ
0.06,29,50,H3,SJ
0.061,17,31,D4,H5
0.061,18,48,D5,S9
0.061,19,43,D6,S4
0.061,4,16,C4,D3
0.061,5,35,C5,H9
0.061,11,29,CJ,H3
0.061,29,46,H3,S7
0.061,39,41,HK,S2
0.062,16,43,D3,S4
0.062,16,51,D3,SQ
0.062,17,47,D4,S8
0.062,18,51,D5,SQ
0.062,20,42,D7,S3
0.062,24,29,DJ,H3
0.062,24,43,DJ,S4
0.062,4,44,C4,S5
0.062,5,16,C5,D3
0.062,5,25,C5,DQ
0.062,8,44,C8,S5
0.062,11,43,CJ,S4
0.062,15,17,D2,D4
0.062,35,44,H9,S5
0.063,21,44,D8,S5
0.063,24,42,DJ,S3
0.063,2,37,C2,HJ
0.063,2,51,C2,SQ
0.063,4,36,C4,HT
0.063,5,24,C5,DJ
0.063,5,36,C5,HT
0.063,10,18,CT,D5
0.063,12,43,CQ,S4
0.063,35,42,H9,S3
0.063,38,41,HQ,S2
0.064,23,30,DT,H4
0.064,25,43,DQ,S4
0.064,9,18,C9,D5
0.064,10,29,CT,H3
0.064,13,15,CK,D2
0.065,17,37,D4,HJ
0.065,17,50,D4,SJ
0.065,19,35,D6,H9
0.065,19,50,D6,SJ
0.065,21,31,D8,H5
0.065,24,28,DJ,H2
0.065,24,44,DJ,S5
0.065,24,45,DJ,S6
0.065,3,26,C3,DK
0.065,3,49,C3,ST
0.065,4,32,C4,H6
0.065,5,51,C5,SQ
0.065,6,42,C6,S3
0.065,12,28,CQ,H2
0.065,30,50,H4,SJ
0.066,17,36,D4,HT
0.066,18,35,D5,H9
0.066,19,49,D6,ST
0.066,20,51,D7,SQ
0.066,23,44,DT,S5
0.066,24,30,DJ,H4
0.066,5,17,C5,D4
0.066,8,43,C8,S4
0.066,11,15,CJ,D2
0.066,31,47,H5,S8
0.066,37,44,HJ,S5
0.067,16,30,D3,H4
0.067,18,42,D5,S3
0.067,22,30,D9,H4
0.067,22,42,D9,S3
0.067,26,28,DK,H2
0.067,4,37,C4,HJ
0.067,5,49,C5,ST
0.067,6,35,C6,H9
0.067,6,36,C6,HT
0.067,6,48,C6,S9
0.067,32,51,H6,SQ
0.067,36,44,HT,S5
0.068,22,45,D9,S6
0.068,25,30,DQ,H4
0.068,4,48,C4,S9
0.068,5,21,C5,D8
0.068,5,48,C5,S9
0.068,5,50,C5,SJ
0.068,6,23,C6,DT
0.068,7,17,C7,D4
0.068,7,31,C7,H5
0.068,28,52,H2,SK
0.068,29,45,H3,S6
0.068,29,51,H3,SQ
0.068,30,46,H4,S7
0.068,32,50,H6,SJ
0.069,18,37,D5,HJ
0.069,18,43,D5,S4
0.069,19,37,D6,HJ
0.069,21,45,D8,S6
0.069,25,31,DQ,H5
0.069,2,3,C2,C3
0.069,3,18,C3,D5
0.069,3,24,C3,DJ
0.069,3,25,C3,DQ
0.069,5,47,C5,S8
0.069,6,16,C6,D3
0.069,7,16,C7,D3
0.069,8,18,C8,D5
0.069,9,32,C9,H6
0.069,10,19,CT,D6
0.069,30,44,H4,S5
0.07,17,49,D4,ST
0.07,19,29,D6,H3
0.07,23,45,DT,S6
0.07,25,41,DQ,S2
0.07,4,24,C4,DJ
0.07,4,45,C4,S6
0.07,5,23,C5,DT
0.07,6,29,C6,H3
0.07,11,45,CJ,S6
0.07,12,29,CQ,H3
0.07,33,44,H7,S5
0.071,20,43,D7,S4
0.071,1,15,CA,D2
0.071,2,38,C2,HQ
0.071,4,38,C4,HQ
0.071,5,38,C5,HQ
0.071,6,30,C6,H4
0.071,9,44,C9,S5
0.071,11,44,CJ,S5
0.071,15,50,D2,SJ
0.071,29,34,H3,H8
0.071,41,43,S2,S4
0.072,16,31,D3,H5
0.072,16,38,D3,HQ
0.072,16,39,D3,HK
0.072,17,29,D4,H3
0.072,20,30,D7,H4
0.072,25,44,DQ,S5
0.072,2,6,C2,C6
0.072,4,10,C4,CT
0.072,10,43,CT,S4
0.072,11,17,CJ,D4
0.072,12,42,CQ,S3
0.072,27,41,HA,S2
0.072,30,45,H4,S6
0.072,36,45,HT,S6
0.073,18,47,D5,S8
0.073,19,36,D6,HT
0.073,23,32,DT,H6
0.073,3,37,C3,HJ
0.073,4,20,C4,D7
0.073,4,51,C4,SQ
0.073,6,43,C6,S4
0.073,6,49,C6,ST
0.073,13,29,CK,H3
0.074,25,46,DQ,S7
0.074,2,9,C2,C9
0.074,2,26,C2,DK
0.074,4,18,C4,D5
0.074,4,25,C4,DQ
0.074,5,30,C5,H4
0.074,5,37,C5,HJ
0.074,6,34,C6,H8
0.074,11,18,CJ,D5
0.074,12,17,CQ,D4
0.074,12,44,CQ,S5
0.074,15,16,D2,D3
0.074,33,45,H7,S6
0.075,17,32,D4,H6
0.075,18,30,D5,H4
0.075,4,31,C4,H5
0.075,4,46,C4,S7
0.075,6,24,C6,DJ
0.075,6,33,C6,H7
0.075,7,23,C7,DT
0.075,9,19,C9,D6
0.075,29,52,H3,SK
0.075,30,34,H4,H8
0.076,17,38,D4,HQ
0.076,18,50,D5,SJ
0.076,21,32,D8,H6
0.076,26,41,DK,S2
0.076,26,42,DK,S3
0.076,4,19,C4,D6
0.076,7,44,C7,S5
0.076,9,31,C9,H5
0.076,9,45,C9,S6
0.076,11,31,CJ,H5
0.076,28,35,H2,H9
0.076,33,51,H7,SQ
0.076,38,43,HQ,S4
0.076,41,47,S2,S8
0.077,17,39,D4,HK
0.077,17,52,D4,SK
0.077,18,45,D5,S6
0.077,21,39,D8,HK
0.077,24,31,DJ,H5
0.077,4,33,C4,H7
0.077,6,22,C6,D9
0.077,8,31,C8,H5
0.077,11,32,CJ,H6
0.077,12,16,CQ,D3
0.077,13,16,CK,D3
0.077,28,51,H2,SQ
0.077,33,43,H7,S4
0.078,17,46,D4,S7
0.078,2,8,C2,C8
0.078,4,39,C4,HK
0.078,4,50,C4,SJ
0.078,5,19,C5,D6
0.078,6,21,C6,D8
0.078,10,45,CT,S6
0.078,33,50,H7,SJ
0.079,16,21,D3,D8
0.079,18,46,D5,S7
0.079,24,32,DJ,H6
0.079,2,4,C2,C4
0.079,4,26,C4,DK
0.079,5,34,C5,H8
0.079,5,46,C5,S7
0.079,7,18,C7,D5
0.079,7,19,C7,D6
0.079,10,32,CT,H6
0.079,31,51,H5,SQ
0.079,32,47,H6,S8
0.08,16,52,D3,SK
0.08,1,28,CA,H2
0.08,2,39,C2,HK
0.08,3,51,C3,SQ
0.08,8,38,C8,HQ
0.08,9,47,C9,S8
0.08,12,32,CQ,H6
0.08,34,45,H8,S6
0.081,16,27,D3,HA
0.081,19,44,D6,S5
0.081,19,51,D6,SQ
0.081,20,49,D7,ST
0.081,25,45,DQ,S6
0.081,26,29,DK,H3
0.081,3,6,C3,C6
0.081,7,37,C7,HJ
0.081,11,46,CJ,S7
0.081,12,30,CQ,H4
0.081,13,42,CK,S3
0.081,28,31,H2,H5
0.081,31,43,H5,S4
0.081,32,49,H6,ST
0.081,41,45,S2,S6
0.082,19,34,D6,H8
0.082,26,31,DK,H5
0.082,3,40,C3,SA
0.082,5,33,C5,H7
0.082,7,50,C7,SJ
0.082,12,31,CQ,H5
0.082,15,52,D2,SK
0.082,41,48,S2,S9
0.082,42,49,S3,ST
0.082,44,48,S5,S9
0.083,16,22,D3,D9
0.083,18,27,D5,HA
0.083,19,30,D6,H4
0.083,2,40,C2,SA
0.083,3,9,C3,C9
0.083,3,39,C3,HK
0.083,3,52,C3,SK
0.083,5,45,C5,S6
0.083,6,38,C6,HQ
0.083,6,50,C6,SJ
0.083,7,30,C7,H4
0.083,11,19,CJ,D6
0.083,12,19,CQ,D6
0.083,13,28,CK,H2
0.083,13,41,CK,S2
0.083,30,37,H4,HJ
0.083,31,37,H5,HJ
0.083,41,42,S2,S3
0.084,18,32,D5,H6
0.084,18,33,D5,H7
0.084,18,38,D5,HQ
0.084,23,46,DT,S7
0.084,6,44,C6,S5
0.084,6,47,C6,S8
0.084,6,51,C6,SQ
0.084,7,45,C7,S6
0.084,11,33,CJ,H7
0.084,13,18,CK,D5
0.084,15,21,D2,D8
0.084,28,33,H2,H7
0.084,32,44,H6,S5
0.085,25,32,DQ,H6
0.085,2,14,C2,DA
0.085,2,27,C2,HA
0.085,6,18,C6,D5
0.085,6,31,C6,H5
0.085,8,50,C8,SJ
0.085,29,37,H3,HJ
0.085,32,43,H6,S4
0.085,37,46,HJ,S7
0.086,16,40,D3,SA
0.086,22,32,D9,H6
0.086,24,33,DJ,H7
0.086,24,47,DJ,S8
0.086,1,42,CA,S3
0.086,4,9,C4,C9
0.086,5,20,C5,D7
0.086,7,25,C7,DQ
0.086,7,26,C7,DK
0.086,7,38,C7,HQ
0.086,10,33,CT,H7
0.086,12,18,CQ,D5
0.086,15,22,D2,D9
0.086,26,45,DK,S6
0.086,30,51,H4,SQ
0.086,38,44,HQ,S5
0.087,17,45,D4,S6
0.087,26,43,DK,S4
0.087,4,52,C4,SK
0.087,5,39,C5,HK
0.087,6,46,C6,S7
0.087,7,52,C7,SK
0.087,8,19,C8,D6
0.087,12,33,CQ,H7
0.087,14,28,DA,H2
0.087,30,52,H4,SK
0.087,33,48,H7,S9
0.087,35,45,H9,S6
0.087,38,45,HQ,S6
0.088,19,48,D6,S9
0.088,20,35,D7,H9
0.088,22,33,D9,H7
0.088,2,52,C2,SK
0.088,3,10,C3,CT
0.088,7,51,C7,SQ
0.088,8,48,C8,S9
0.088,13,31,CK,H5
0.088,14,41,DA,S2
0.088,28,30,H2,H4
0.088,32,46,H6,S7
0.088,37,45,HJ,S6
0.088,42,48,S3,S9
0.089,16,23,D3,DT
0.089,19,46,D6,S7
0.089,19,47,D6,S8
0.089,20,45,D7,S6
0.089,26,30,DK,H4
0.089,11,34,CJ,H8
0.089,13,43,CK,S4
0.089,29,33,H3,H7
0.089,31,52,H5,SK
0.089,33,52,H7,SK
0.089,41,44,S2,S5
0.089,41,49,S2,ST
0.089,42,47,S3,S8
0.09,2,7,C2,C7
0.09,5,26,C5,DK
0.09,6,25,C6,DQ
0.09,6,26,C6,DK
0.09,7,22,C7,D9
0.09,7,36,C7,HT
0.09,13,17,CK,D4
0.09,16,18,D3,D5
0.09,31,45,H5,S6
0.09,38,46,HQ,S7
0.09,39,42,HK,S3
0.09,41,50,S2,SJ
0.09,43,48,S4,S9
0.091,20,36,D7,HT
0.091,26,44,DK,S5
0.091,7,32,C7,H6
0.091,13,19,CK,D6
0.091,13,46,CK,S7
0.091,14,29,DA,H3
0.091,28,32,H2,H6
0.091,32,52,H6,SK
0.091,35,46,H9,S7
0.091,41,51,S2,SQ
0.092,18,39,D5,HK
0.092,18,52,D5,SK
0.092,20,31,D7,H5
0.092,20,37,D7,HJ
0.092,22,46,D9,S7
0.092,26,33,DK,H7
0.092,1,16,CA,D3
0.092,5,52,C5,SK
0.092,9,46,C9,S7
0.092,10,47,CT,S8
0.092,15,24,D2,DJ
0.092,28,34,H2,H8
0.092,33,47,H7,S8
0.092,39,43,HK,S4
0.092,41,46,S2,S7
0.093,19,22,D6,D9
0.093,21,33,D8,H7
0.093,21,46,D8,S7
0.093,24,35,DJ,H9
0.093,24,46,DJ,S7
0.093,2,5,C2,C5
0.093,2,10,C2,CT
0.093,3,8,C3,C8
0.093,3,14,C3,DA
0.093,7,34,C7,H8
0.093,7,47,C7,S8
0.093,12,20,CQ,D7
0.093,15,18,D2,D5
0.093,32,48,H6,S9
0.093,33,49,H7,ST
0.093,34,52,H8,SK
0.093,35,47,H9,S8
0.093,42,46,S3,S7
0.094,17,51,D4,SQ
0.094,21,48,D8,S9
0.094,22,51,D9,SQ
0.094,26,34,DK,H8
0.094,1,17,CA,D4
0.094,4,8,C4,C8
0.094,6,39,C6,HK
0.094,8,45,C8,S6
0.094,10,46,CT,S7
0.094,12,45,CQ,S6
0.094,13,32,CK,H6
0.094,13,45,CK,S6
0.094,28,36,H2,HT
0.094,28,40,H2,SA
0.094,31,34,H5,H8
0.094,42,44,S3,S5
0.095,16,20,D3,D7
0.095,18,40,D5,SA
0.095,21,35,D8,H9
0.095,21,50,D8,SJ
0.095,25,33,DQ,H7
0.095,1,41,CA,S2
0.095,4,11,C4,CJ
0.095,8,32,C8,H6
0.095,11,21,CJ,D8
0.095,15,23,D2,DT
0.095,27,44,HA,S5
0.095,29,30,H3,H4
0.095,31,35,H5,H9
0.096,19,38,D6,HQ
0.096,3,7,C3,C7
0.096,5,8,C5,C8
0.096,5,32,C5,H6
0.096,7,48,C7,S9
0.096,8,20,C8,D7
0.096,8,33,C8,H7
0.096,9,20,C9,D7
0.096,15,20,D2,D7
0.096,27,42,HA,S3
0.096,43,49,S4,ST
0.097,20,32,D7,H6
0.097,24,34,DJ,H8
0.097,1,30,CA,H4
0.097,8,24,C8,DJ
0.097,11,20,CJ,D7
0.097,12,46,CQ,S7
0.097,13,20,CK,D7
0.097,13,30,CK,H4
0.097,13,44,CK,S5
0.097,15,27,D2,HA
0.097,16,17,D3,D4
0.097,34,46,H8,S7
0.097,37,47,HJ,S8
0.098,17,21,D4,D8
0.098,17,23,D4,DT
0.098,20,38,D7,HQ
0.098,20,48,D7,S9
0.098,20,50,D7,SJ
0.098,20,52,D7,SK
0.098,21,36,D8,HT
0.098,3,11,C3,CJ
0.098,4,40,C4,SA
0.098,9,23,C9,DT
0.098,9,33,C9,H7
0.098,14,42,DA,S3
0.098,28,38,H2,HQ
0.098,29,35,H3,H9
0.098,34,44,H8,S5
0.098,39,46,HK,S7
0.098,44,49,S5,ST
0.099,45,50,S6,SJ
0.099,19,24,D6,DJ
0.099,20,39,D7,HK
0.099,23,33,DT,H7
0.099,23,47,DT,S8
0.099,1,43,CA,S4
0.099,6,52,C6,SK
0.099,8,46,C8,S7
0.099,14,43,DA,S4
0.099,42,43,S3,S4
0.1,19,33,D6,H7
0.1,19,40,D6,SA
0.1,20,34,D7,H8
0.1,25,47,DQ,S8
0.1,4,27,C4,HA
0.1,5,9,C5,C9
0.1,5,40,C5,SA
0.1,12,21,CQ,D8
0.1,15,25,D2,DQ
0.1,27,43,HA,S4
0.1,29,32,H3,H6
0.1,29,36,H3,HT
0.1,29,38,H3,HQ
0.1,30,31,H4,H5
0.1,30,38,H4,HQ
0.1,31,36,H5,HT
0.1,34,51,H8,SQ
0.1,35,50,H9,SJ
0.101,17,20,D4,D7
0.101,21,52,D8,SK
0.101,1,29,CA,H3
0.101,6,20,C6,D7
0.101,7,21,C7,D8
0.101,7,24,C7,DJ
0.101,7,39,C7,HK
0.101,7,49,C7,ST
0.101,10,20,CT,D7
0.101,14,45,DA,S6
0.101,15,19,D2,D6
0.101,39,44,HK,S5
0.101,39,45,HK,S6
0.102,17,18,D4,D5
0.102,17,27,D4,HA
0.102,19,39,D6,HK
0.102,19,52,D6,SK
0.102,25,34,DQ,H8
0.102,1,32,CA,H6
0.102,5,11,C5,CJ
0.102,10,21,CT,D8
0.102,12,47,CQ,S8
0.102,29,42,H3,S3
0.102,31,46,H5,S7
0.103,17,24,D4,DJ
0.103,18,20,D5,D7
0.103,3,5,C3,C5
0.103,8,23,C8,DT
0.103,8,26,C8,DK
0.103,12,34,CQ,H8
0.103,13,21,CK,D8
0.103,27,45,HA,S6
0.103,28,37,H2,HJ
0.103,29,31,H3,H5
0.103,29,40,H3,SA
0.103,32,36,H6,HT
0.103,34,48,H8,S9
0.103,36,46,HT,S7
0.103,42,51,S3,SQ
0.103,43,47,S4,S8
0.104,3,27,C3,HA
0.104,5,12,C5,CQ
0.104,13,33,CK,H7
0.104,15,40,D2,SA
0.104,30,36,H4,HT
0.104,42,50,S3,SJ
0.104,43,46,S4,S7
0.105,45,49,S6,ST
0.105,17,40,D4,SA
0.105,18,24,D5,DJ
0.105,22,34,D9,H8
0.105,4,14,C4,DA
0.105,8,51,C8,SQ
0.105,30,35,H4,H9
0.105,38,47,HQ,S8
0.105,39,47,HK,S8
0.106,17,22,D4,D9
0.106,19,23,D6,DT
0.106,20,40,D7,SA
0.106,20,47,D7,S8
0.106,5,7,C5,C7
0.106,8,36,C8,HT
0.106,8,39,C8,HK
0.106,8,49,C8,ST
0.106,8,52,C8,SK
0.106,14,31,DA,H5
0.106,43,51,S4,SQ
0.106,16,19,D3,D6
0.107,21,37,D8,HJ
0.107,1,47,CA,S8
0.107,6,14,C6,DA
0.107,8,25,C8,DQ
0.107,9,21,C9,D8
0.107,14,30,DA,H4
0.107,14,44,DA,S5
0.107,15,26,D2,DK
0.107,34,49,H8,ST
0.108,1,44,CA,S5
0.108,2,11,C2,CJ
0.108,5,10,C5,CT
0.108,5,14,C5,DA
0.108,12,35,CQ,H9
0.108,14,33,DA,H7
0.108,26,46,DK,S7
0.108,32,40,H6,SA
0.109,45,48,S6,S9
0.109,21,38,D8,HQ
0.109,21,49,D8,ST
0.109,26,32,DK,H6
0.109,13,22,CK,D9
0.109,34,50,H8,SJ
0.11,16,24,D3,DJ
0.11,17,43,D4,S4
0.11,19,31,D6,H5
0.11,1,31,CA,H5
0.11,4,30,C4,H4
0.11,6,9,C6,C9
0.11,6,10,C6,CT
0.11,7,35,C7,H9
0.11,8,22,C8,D9
0.11,13,47,CK,S8
0.11,36,48,HT,S9
0.11,44,46,S5,S7
0.111,18,25,D5,DQ
0.111,6,8,C6,C8
0.111,9,25,C9,DQ
0.111,9,52,C9,SK
0.111,12,48,CQ,S9
0.111,43,52,S4,SK
0.112,16,25,D3,DQ
0.112,18,22,D5,D9
0.112,23,34,DT,H8
0.112,4,7,C4,C7
0.112,5,6,C5,C6
0.112,7,9,C7,C9
0.112,11,35,CJ,H9
0.112,11,47,CJ,S8
0.112,32,35,H6,H9
0.112,42,45,S3,S6
0.113,44,50,S5,SJ
0.113,1,19,CA,D6
0.113,2,13,C2,CK
0.113,3,12,C3,CQ
0.113,3,42,C3,S3
0.113,8,35,C8,H9
0.113,8,37,C8,HJ
0.113,9,50,C9,SJ
0.113,14,46,DA,S7
0.113,27,46,HA,S7
0.113,28,39,H2,HK
0.113,31,40,H5,SA
0.114,17,25,D4,DQ
0.114,18,19,D5,D6
0.114,18,21,D5,D8
0.114,21,40,D8,SA
0.114,21,51,D8,SQ
0.114,22,37,D9,HJ
0.114,23,48,DT,S9
0.114,7,27,C7,HA
0.114,26,48,DK,S9
0.114,43,44,S4,S5
0.114,44,45,S5,S6
0.115,45,46,S6,S7
0.115,16,29,D3,H3
0.115,17,19,D4,D6
0.115,18,23,D5,DT
0.115,25,35,DQ,H9
0.115,1,18,CA,D5
0.115,2,12,C2,CQ
0.115,4,5,C4,C5
0.115,5,27,C5,HA
0.115,9,34,C9,H8
0.115,9,36,C9,HT
0.115,27,29,HA,H3
0.115,33,37,H7,HJ
0.116,16,26,D3,DK
0.116,17,26,D4,DK
0.116,20,27,D7,HA
0.116,2,15,C2,D2
0.116,6,11,C6,CJ
0.116,6,19,C6,D6
0.116,7,12,C7,CQ
0.116,10,48,CT,S9
0.116,13,34,CK,H8
0.116,13,35,CK,H9
0.116,30,43,H4,S4
0.116,44,47,S5,S8
0.117,18,44,D5,S5
0.117,26,35,DK,H9
0.117,1,46,CA,S7
0.117,5,18,C5,D5
0.117,26,47,DK,S8
0.117,30,32,H4,H6
0.117,30,33,H4,H7
0.117,33,35,H7,H9
0.117,39,48,HK,S9
0.117,43,50,S4,SJ
0.118,20,23,D7,DT
0.118,11,48,CJ,S9
0.118,36,47,HT,S8
0.118,43,45,S4,S6
0.119,45,47,S6,S8
0.119,6,45,C6,S6
0.119,7,11,C7,CJ
0.119,9,37,C9,HJ
0.119,9,51,C9,SQ
0.119,11,39,CJ,HK
0.119,14,47,DA,S8
0.119,15,28,D2,H2
0.119,28,41,H2,S2
0.12,44,51,S5,SQ
0.12,19,27,D6,HA
0.12,22,24,D9,DJ
0.12,3,13,C3,CK
0.12,7,40,C7,SA
0.12,14,32,DA,H6
0.12,30,40,H4,SA
0.12,31,32,H5,H6
0.12,32,34,H6,H8
0.12,33,34,H7,H8
0.121,45,51,S6,SQ
0.121,21,23,D8,DT
0.121,22,47,D9,S8
0.121,3,29,C3,H3
0.121,12,23,CQ,DT
0.121,31,38,H5,HQ
0.121,35,51,H9,SQ
0.121,35,52,H9,SK
0.122,22,39,D9,HK
0.122,6,27,C6,HA
0.122,9,49,C9,ST
0.122,10,34,CT,H8
0.122,34,38,H8,HQ
0.122,45,52,S6,SK
0.123,1,34,CA,H8
0.123,1,45,CA,S6
0.123,5,13,C5,CK
0.123,8,40,C8,SA
0.123,10,22,CT,D9
0.123,32,37,H6,HJ
0.123,33,40,H7,SA
0.123,41,52,S2,SK
0.124,22,49,D9,ST
0.124,22,52,D9,SK
0.124,23,35,DT,H9
0.124,1,33,CA,H7
0.124,3,4,C3,C4
0.124,5,31,C5,H5
0.124,6,40,C6,SA
0.124,9,24,C9,DJ
0.124,9,39,C9,HK
0.124,11,36,CJ,HT
0.124,14,34,DA,H8
0.124,31,33,H5,H7
0.124,37,49,HJ,ST
0.124,46,47,S7,S8
0.125,19,25,D6,DQ
0.125,22,50,D9,SJ
0.125,1,4,CA,C4
0.125,1,21,CA,D8
0.125,6,13,C6,CK
0.125,30,39,H4,HK
0.126,18,26,D5,DK
0.126,1,20,CA,D7
0.126,1,48,CA,S9
0.126,4,6,C4,C6
0.126,32,33,H6,H7
0.126,34,40,H8,SA
0.126,42,52,S3,SK
0.127,20,26,D7,DK
0.127,22,36,D9,HT
0.127,22,40,D9,SA
0.127,1,2,CA,C2
0.127,4,17,C4,D4
0.127,7,14,C7,DA
0.127,13,48,CK,S9
0.127,14,48,DA,S9
0.127,31,39,H5,HK
0.127,32,38,H6,HQ
0.127,35,40,H9,SA
0.127,46,49,S7,ST
0.127,48,50,S9,SJ
0.128,19,20,D6,D7
0.128,2,41,C2,S2
0.128,4,13,C4,CK
0.128,6,12,C6,CQ
0.128,9,27,C9,HA
0.128,12,22,CQ,D9
0.128,29,39,H3,HK
0.128,33,39,H7,HK
0.128,38,48,HQ,S9
0.129,20,22,D7,D9
0.129,22,38,D9,HQ
0.129,4,12,C4,CQ
0.129,4,43,C4,S4
0.129,7,10,C7,CT
0.129,8,12,C8,CQ
0.129,8,14,C8,DA
0.129,10,35,CT,H9
0.129,13,49,CK,ST
0.129,27,47,HA,S8
0.129,32,39,H6,HK
0.129,40,42,SA,S3
0.13,25,49,DQ,ST
0.13,6,32,C6,H6
0.13,10,51,CT,SQ
0.13,14,15,DA,D2
0.13,40,41,SA,S2
0.13,46,48,S7,S9
0.13,47,50,S8,SJ
0.131,16,42,D3,S3
0.131,19,26,D6,DK
0.131,19,45,D6,S6
0.131,21,24,D8,DJ
0.131,25,50,DQ,SJ
0.131,7,8,C7,C8
0.131,35,49,H9,ST
0.131,47,49,S8,ST
0.132,19,32,D6,H6
0.132,24,48,DJ,S9
0.132,24,51,DJ,SQ
0.132,5,44,C5,S5
0.132,13,24,CK,DJ
0.132,14,17,DA,D4
0.132,14,35,DA,H9
0.132,40,43,SA,S4
0.132,40,44,SA,S5
0.133,44,52,S5,SK
0.133,19,21,D6,D8
0.133,21,25,D8,DQ
0.133,6,7,C6,C7
0.133,9,38,C9,HQ
0.133,11,22,CJ,D9
0.133,27,48,HA,S9
0.133,31,44,H5,S5
0.133,33,38,H7,HQ
0.133,34,37,H8,HJ
0.133,37,48,HJ,S9
0.134,25,48,DQ,S9
0.134,8,27,C8,HA
0.134,46,50,S7,SJ
0.135,8,9,C8,C9
0.135,10,24,CT,DJ
0.135,11,38,CJ,HQ
0.135,13,36,CK,HT
0.136,21,22,D8,D9
0.136,22,27,D9,HA
0.136,7,33,C7,H7
0.136,8,34,C8,H8
0.136,9,26,C9,DK
0.136,12,49,CQ,ST
0.136,15,41,D2,S2
0.136,26,49,DK,ST
0.136,33,46,H7,S7
0.137,20,24,D7,DJ
0.137,20,33,D7,H7
0.137,14,18,DA,D5
0.137,26,50,DK,SJ
0.137,27,32,HA,H6
0.137,46,52,S7,SK
0.138,20,46,D7,S7
0.138,23,37,DT,HJ
0.138,23,40,DT,SA
0.138,33,36,H7,HT
0.138,34,47,H8,S8
0.138,40,46,SA,S7
0.139,18,31,D5,H5
0.139,10,39,CT,HK
0.139,39,49,HK,ST
0.14,24,49,DJ,ST
0.14,2,28,C2,H2
0.14,8,11,C8,CJ
0.14,14,19,DA,D6
0.141,22,26,D9,DK
0.141,1,6,CA,C6
0.141,1,37,CA,HJ
0.141,7,46,C7,S7
0.141,10,37,CT,HJ
0.142,17,30,D4,H4
0.142,20,21,D7,D8
0.142,10,26,CT,DK
0.142,11,23,CJ,DT
0.142,14,36,DA,HT
0.142,36,50,HT,SJ
0.143,26,36,DK,HT
0.143,8,21,C8,D8
0.143,12,37,CQ,HJ
0.143,12,50,CQ,SJ
0.143,38,49,HQ,ST
0.144,21,27,D8,HA
0.144,23,39,DT,HK
0.144,25,36,DQ,HT
0.144,13,37,CK,HJ
0.144,27,28,HA,H2
0.144,36,52,HT,SK
0.144,46,51,S7,SQ
0.145,22,48,D9,S9
0.145,23,50,DT,SJ
0.145,23,51,DT,SQ
0.145,26,37,DK,HJ
0.145,26,38,DK,HQ
0.145,8,10,C8,CT
0.145,32,45,H6,S6
0.145,40,45,SA,S6
0.145,40,48,SA,S9
0.146,21,26,D8,DK
0.146,23,38,DT,HQ
0.146,11,51,CJ,SQ
0.146,27,49,HA,ST
0.146,34,39,H8,HK
0.147,1,3,CA,C3
0.147,1,35,CA,H9
0.147,9,14,C9,DA
0.147,14,21,DA,D8
0.147,34,36,H8,HT
0.148,21,47,D8,S8
0.148,3,16,C3,D3
0.148,10,25,CT,DQ
0.148,10,50,CT,SJ
0.148,12,24,CQ,DJ
0.148,14,16,DA,D3
0.148,39,50,HK,SJ
0.148,47,51,S8,SQ
0.149,1,22,CA,D9
0.149,9,35,C9,H9
0.149,27,50,HA,SJ
0.15,22,35,D9,H9
0.15,10,38,CT,HQ
0.15,10,52,CT,SK
0.151,23,25,DT,DQ
0.151,23,52,DT,SK
0.151,9,48,C9,S9
0.151,48,51,S9,SQ
0.152,20,25,D7,DQ
0.152,24,38,DJ,HQ
0.152,7,13,C7,CK
0.152,7,20,C7,D7
0.152,11,25,CJ,DQ
0.152,34,35,H8,H9
0.152,35,39,H9,HK
0.152,48,52,S9,SK
0.153,8,13,C8,CK
0.153,9,40,C9,SA
0.153,11,40,CJ,SA
0.153,12,36,CQ,HT
0.153,36,40,HT,SA
0.153,47,52,S8,SK
0.154,1,36,CA,HT
0.154,8,47,C8,S8
0.154,10,12,CT,CQ
0.154,13,38,CK,HQ
0.154,27,30,HA,H4
0.155,11,26,CJ,DK
0.155,14,22,DA,D9
0.155,27,34,HA,H8
0.155,35,48,H9,S9
0.155,38,52,HQ,SK
0.155,47,48,S8,S9
0.156,24,36,DJ,HT
0.156,25,37,DQ,HJ
0.156,10,40,CT,SA
0.156,11,27,CJ,HA
0.156,11,52,CJ,SK
0.156,12,52,CQ,SK
0.156,27,31,HA,H5
0.156,39,51,HK,SQ
0.157,9,22,C9,D9
0.157,37,52,HJ,SK
0.158,12,27,CQ,HA
0.158,13,23,CK,DT
0.158,38,50,HQ,SJ
0.159,14,20,DA,D7
0.159,14,38,DA,HQ
0.16,24,39,DJ,HK
0.16,1,8,CA,C8
0.16,9,12,C9,CQ
0.16,14,50,DA,SJ
0.16,36,39,HT,HK
0.16,48,49,S9,ST
0.161,9,10,C9,CT
0.161,12,26,CQ,DK
0.162,11,14,CJ,DA
0.162,12,39,CQ,HK
0.162,13,50,CK,SJ
0.162,36,49,HT,ST
0.162,49,50,ST,SJ
0.163,23,27,DT,HA
0.163,1,5,CA,C5
0.163,1,51,CA,SQ
0.163,10,27,CT,HA
0.163,35,36,H9,HT
0.163,37,51,HJ,SQ
0.164,21,34,D8,H8
0.164,1,38,CA,HQ
0.164,27,51,HA,SQ
0.164,36,37,HT,HJ
0.165,25,52,DQ,SK
0.165,1,7,CA,C7
0.165,1,24,CA,DJ
0.165,10,11,CT,CJ
0.166,14,49,DA,ST
0.167,24,52,DJ,SK
0.167,11,49,CJ,ST
0.167,38,40,HQ,SA
0.168,1,25,CA,DQ
0.168,1,50,CA,SJ
0.168,9,11,C9,CJ
0.168,10,14,CT,DA
0.169,26,27,DK,HA
0.169,1,49,CA,ST
0.169,27,33,HA,H7
0.169,27,35,HA,H9
0.169,36,51,HT,SQ
0.17,24,27,DJ,HA
0.17,14,37,DA,HJ
0.17,26,51,DK,SQ
0.17,35,37,H9,HJ
0.17,40,47,SA,S8
0.171,22,23,D9,DT
0.171,35,38,H9,HQ
0.172,22,25,D9,DQ
0.172,13,51,CK,SQ
0.172,27,52,HA,SK
0.173,24,40,DJ,SA
0.173,13,25,CK,DQ
0.173,14,23,DA,DT
0.173,49,52,ST,SK
0.174,23,49,DT,ST
0.174,1,9,CA,C9
0.175,1,23,CA,DT
0.175,12,40,CQ,SA
0.175,36,38,HT,HQ
0.176,25,39,DQ,HK
0.176,9,13,C9,CK
0.176,10,36,CT,HT
0.177,23,36,DT,HT
0.177,24,26,DJ,DK
0.177,12,14,CQ,DA
0.178,14,51,DA,SQ
0.179,10,23,CT,DT
0.18,37,40,HJ,SA
0.181,23,24,DT,DJ
0.181,24,25,DJ,DQ
0.181,14,39,DA,HK
0.182,14,52,DA,SK
0.182,50,52,SJ,SK
0.183,11,13,CJ,CK
0.184,25,27,DQ,HA
0.184,1,26,CA,DK
0.184,13,14,CK,DA
0.186,24,37,DJ,HJ
0.186,11,12,CJ,CQ
0.187,40,49,SA,ST
0.189,49,51,ST,SQ
0.19,1,52,CA,SK
0.19,39,40,HK,SA
0.191,50,51,SJ,SQ
0.195,24,50,DJ,SJ
0.196,26,40,DK,SA
0.196,11,24,CJ,DJ
0.196,11,50,CJ,SJ
0.198,38,39,HQ,HK
0.199,25,26,DQ,DK
0.199,10,13,CT,CK
0.199,40,51,SA,SQ
0.2,1,10,CA,CT
0.2,10,49,CT,ST
0.2,37,50,HJ,SJ
0.201,27,36,HA,HT
0.202,1,11,CA,CJ
0.202,37,39,HJ,HK
0.203,14,25,DA,DQ
0.204,25,40,DQ,SA
0.205,37,38,HJ,HQ
0.205,51,52,SQ,SK
0.206,23,26,DT,DK
0.207,1,39,CA,HK
0.207,27,38,HA,HQ
0.214,14,24,DA,DJ
0.214,38,51,HQ,SQ
0.215,12,13,CQ,CK
0.215,40,50,SA,SJ
0.216,11,37,CJ,HJ
0.218,27,37,HA,HJ
0.22,1,13,CA,CK
0.22,13,27,CK,HA
0.22,27,39,HA,HK
0.221,12,25,CQ,DQ
0.221,12,51,CQ,SQ
0.224,12,38,CQ,HQ
0.228,1,12,CA,CQ
0.228,40,52,SA,SK
0.229,13,40,CK,SA
0.236,25,51,DQ,SQ
0.236,14,26,DA,DK
0.246,25,38,DQ,HQ
0.247,39,52,HK,SK
0.268,13,39,CK,HK
0.27,13,52,CK,SK
0.278,26,39,DK,HK
0.283,13,26,CK,DK
0.289,26,52,DK,SK
0.319,1,40,CA,SA
0.324,14,40,DA,SA
0.326,1,14,CA,DA
0.326,27,40,HA,SA
0.343,14,27,DA,HA
0.344,1,27,CA,HA
